NSS,Nombre,Apellido,contrato_completo,codigo_departamento
676-41-6549,Danella,Oakenfall,0,1
420-72-9180,Glen,Burkett,1,2
586-80-6118,Phyllys,Siemons,0,3
541-38-7416,Kip,Sheer,1,4
744-20-8251,Tremain,Shoorbrooke,0,5
180-10-5357,Shell,Brandone,1,6
235-84-7048,Edouard,Flagg,0,7
734-97-2019,Clarita,Strathdee,1,8
777-14-8621,Skylar,Furmenger,1,9
450-83-5758,Josey,Milne,0,1
807-51-8509,Gunilla,Heggie,0,2
610-38-9194,Jade,Felix,0,3
209-63-3629,Elna,Darco,0,4
874-34-9009,Brendis,Lopez,1,5
756-75-0609,Ennis,Bendtsen,1,6
769-16-5158,Ruby,Thewlis,0,7
813-29-1232,Gayla,Gamwell,0,8
498-37-5352,Gillan,Berzen,1,9
575-11-2428,Ludovico,Heaford,0,1
288-31-2502,Kristofer,Coolahan,1,2
119-72-1967,Isabelita,Bernardeschi,1,3
487-59-2456,Parker,Spilsbury,0,4
605-64-6641,Prudy,Theodore,0,5
585-46-3884,Orsola,Shearwood,0,6
381-62-1080,Jacenta,Aslie,0,7
499-19-0908,Cathee,Binfield,0,8
435-07-0776,Barb,Teliga,1,9
456-06-3527,Hall,Prisk,0,1
141-83-0455,Hattie,Lukacs,1,2
665-90-8025,Davidson,Sher,0,3
705-67-3178,Loy,Pettinger,0,4
642-72-0887,Dru,Sedgebeer,0,5
125-26-1788,Elli,Kroin,1,6
674-84-9845,Merilee,O'Dreain,0,7
634-43-5574,Paolo,Blinde,0,8
155-88-6490,Phyllida,Barfoot,1,9
280-86-7171,Rodger,Valens-Smith,0,1
612-89-1859,Putnem,McLeary,1,2
226-21-3101,Curtice,Sculley,1,3
670-76-2506,Curtis,Engley,1,4
309-75-5953,Maximilianus,Koschke,1,5
388-45-4886,Rolland,Wolfindale,0,6
171-57-5831,Abbe,Colby,1,7
753-51-4926,Doy,Sharpe,0,8
363-62-9064,Findley,Karp,0,9
684-95-4985,Jephthah,Fillery,1,1
378-39-9560,Ginnie,Doorbar,0,2
103-21-3591,Casandra,Swash,0,3
145-73-2004,Adan,Babber,1,4
729-81-9612,Read,Trase,1,5
228-66-1149,Oralla,Reid,0,6
295-53-7731,Ezra,Wilsee,1,7
787-57-3055,Cobb,Begbie,0,8
466-50-6761,Tedra,Woods,0,9
889-85-8026,Nickie,Vanin,1,1
566-27-5715,Annabel,Kebbell,1,2
107-01-5204,Willem,Coot,1,3
245-79-9487,Babara,Killelay,1,4
473-55-6305,Koressa,Mileham,0,5
619-59-2288,Myca,Usmar,1,6
170-37-3869,Marie-ann,Gavin,1,7
442-99-1771,Burton,Georgel,0,8
588-15-3062,Jesselyn,Tregent,0,9
716-88-1988,Waldo,Ondrousek,1,1
514-36-5443,Herculie,Askham,0,2
438-87-3256,Nancie,Shreve,1,3
147-59-6882,Roselia,Wynn,0,4
764-60-1652,Ezequiel,McLeod,0,5
191-21-6363,Maryanna,Jollands,1,6
843-69-2139,Omero,Dedrick,0,7
793-45-3787,Alexio,Banstead,1,8
473-42-5007,Callie,Ianni,1,9
378-14-3503,Mirelle,Tatum,0,1
890-61-0365,Tadeo,Silver,0,2
812-71-4110,Payton,Godfrey,0,3
590-32-7531,Olwen,Dybell,0,4
741-42-1555,Courtney,Meedendorpe,0,5
820-68-9468,Allison,O' Molan,0,6
555-95-3768,Dorey,Towndrow,1,7
355-70-1376,Talya,Derkes,1,8
223-01-2153,Gussi,Doughty,1,9
521-06-3898,Adara,Dobble,0,1
493-26-7243,Theo,Smartman,0,2
303-22-2670,Kinny,Martinello,0,3
516-84-6355,Charlena,Camellini,0,4
303-77-4311,Valentina,Draaisma,1,5
862-34-0761,Peter,Heberden,0,6
366-15-5243,Cheri,Sibyllina,0,7
510-59-8342,Coretta,Senter,0,8
440-93-8657,Shea,O'Shields,0,9
478-25-0376,Elmore,Griffitts,1,1
441-99-2746,Wheeler,Brosius,1,2
865-49-4780,Kevon,Ferrario,0,3
444-73-6187,Kriste,Fandrich,1,4
802-17-3807,Tadio,Kiggel,1,5
408-89-4182,Taffy,Osman,1,6
329-32-4940,Anissa,Coper,1,7
229-58-5624,Nani,Lukacs,0,8
386-65-0950,Kalvin,Mackleden,1,9
416-03-7287,Reena,Heathcoat,0,1
657-74-7582,Lorinda,Maris,1,2
668-81-5565,Deny,Murphy,1,3
837-64-8421,Tanner,Henbury,0,4
532-94-7670,Alvy,Bruhnke,1,5
621-70-4146,Cassondra,Rosenzveig,0,6
270-51-4474,Mireille,Criag,0,7
744-18-4380,Byron,Gligoraci,0,8
347-15-0862,Mariele,Ferreres,1,9
649-94-2558,Lonnie,De Malchar,0,1
726-43-7706,Humphrey,Semor,1,2
605-87-6782,Ruthy,Willgress,1,3
379-08-4161,Hortense,Caslake,1,4
269-17-8701,Goldia,Sisselot,1,5
874-96-5035,Jamil,Goddert.sf,0,6
530-07-9948,Gretchen,Twiddell,0,7
872-14-3443,Candra,Eisikovitsh,1,8
133-46-3326,Jenni,Longfoot,0,9
899-39-9866,Addy,Sprackling,1,1
788-94-2157,Claire,O'Corrane,1,2
805-80-2174,Daloris,Beert,0,3
322-04-2202,Cullen,Digwood,0,4
258-16-0592,Stevana,Iacobacci,0,5
888-43-5870,Hannie,Aberkirdo,1,6
318-26-6203,Jillayne,Chicchetto,1,7
818-03-8049,Burg,Blaschke,0,8
369-05-6941,Burke,Bandey,1,9
565-69-1632,Carolynn,Ridger,0,1
357-95-2612,Sibella,Ingray,1,2
887-72-4409,Minny,Molen,0,3
402-38-3933,Natalina,Berriball,0,4
608-81-5970,Timofei,Vouls,0,5
880-50-7691,Rustie,Sherrocks,1,6
667-27-4987,Willdon,Connew,0,7
299-10-4238,August,Gait,1,8
210-65-1610,Arman,Edeson,1,9
856-31-4076,Smith,Ever,1,1
236-38-9561,Jerad,Epp,1,2
638-73-1421,Weber,Kilian,1,3
156-45-3195,Faber,Meth,0,4
219-74-1701,Marget,Whissell,0,5
840-46-6107,Remus,Hancill,0,6
136-65-7573,Boonie,Cuerda,1,7
380-76-3686,Lucius,Bardnam,0,8
185-24-8487,Barbee,Edson,1,9
697-26-0480,Helga,Budget,0,1
715-43-1756,Reuven,Ebbitt,1,2
174-85-8992,Devy,Grayham,0,3
255-45-8489,Keenan,Hymans,1,4
712-90-5628,Kiley,Fairpool,1,5
377-97-5505,Artus,Goodboddy,0,6
488-37-1660,Adoree,Menichi,1,7
181-84-0736,Beulah,Quincey,1,8
204-09-1949,Patten,Augustin,0,9
645-49-1482,Gates,Strover,1,1
289-16-7105,Mathew,Plant,1,2
575-21-4270,Jefferey,Scholl,1,3
633-53-1070,Pietra,Ervin,0,4
332-74-3379,Leonidas,Crichmere,0,5
344-80-7802,Emlen,Oman,1,6
426-92-2219,Gilburt,Vynoll,1,7
670-59-3319,Richart,Jurgensen,0,8
251-72-6324,Waneta,Hildrew,0,9
702-32-9333,Hetti,Huntingdon,1,1
486-17-5843,Rick,Grassick,1,2
209-29-0219,Tedda,Dowker,0,3
462-62-9006,Haily,Tompkinson,1,4
646-49-5019,Jacobo,McCleary,0,5
785-28-2150,Minette,Miskelly,0,6
150-69-6528,Lindsey,Thwaites,1,7
483-03-8389,Gilda,Severn,1,8
208-99-5785,Marianna,Larmouth,1,9
164-58-1433,Jefferson,Charteris,1,1
771-87-2553,Shem,Bownde,1,2
530-82-6327,Natalya,McKeurtan,1,3
575-24-8902,Hastie,Danielsky,0,4
289-61-6935,Polly,Winspar,0,5
797-94-7639,Roy,Galland,0,6
803-91-6287,Erminia,Flecknoe,1,7
185-88-0710,Alford,Laurens,0,8
529-46-4489,Amery,Jurgensen,1,9
411-66-1135,Jemmy,Brame,1,1
319-65-3100,Brier,Dubique,0,2
875-56-1945,Filia,Corbyn,0,3
100-28-5320,Myrtia,Enrigo,0,4
854-37-0425,Dominique,Lerego,0,5
147-91-6801,Tammy,Simonou,0,6
672-49-6646,Darius,Morshead,0,7
462-92-3235,Mollee,Proback,0,8
860-55-6759,Lynnette,Ashment,0,9
764-12-4773,Berton,Dailly,0,1
842-07-7147,Fowler,Magowan,1,2
628-68-2581,Alis,Laughtisse,0,3
673-86-6024,Tadeas,Ferrant,0,4
311-30-2953,Egor,Whaymand,0,5
416-67-2388,Joby,Ambrois,1,6
453-32-1941,Sholom,Straw,1,7
596-81-5370,Iver,Pawson,0,8
203-20-6236,Erv,Gearing,1,9
856-55-4799,Germain,Kingston,0,1
547-77-5003,Laverna,Varley,0,2
302-11-9402,Valentino,Filochov,1,3
112-90-0210,Coraline,Rubinfajn,0,4
112-06-9661,Chryste,Meineck,1,5
217-54-9881,Renaldo,Callington,1,6
584-52-6085,Christa,Parlott,1,7
235-84-5892,Blisse,Gellately,0,8
824-08-9038,Scottie,Rhubottom,0,9
854-98-7540,Ken,Althrope,0,1
633-63-9444,Haily,O'Harney,0,2
473-06-0924,Marietta,Thorneloe,0,3
429-69-2560,Alejandra,Braddon,1,4
513-49-7957,Osmund,Hugonin,0,5
787-87-3662,Adler,Onn,1,6
353-74-8554,Fraze,Kirman,0,7
523-75-3526,Dona,Covelle,1,8
631-29-7307,Petronille,Rainger,1,9
870-58-7182,Micky,Schruyer,1,1
646-48-7336,Selig,Whiteford,0,2
824-98-6862,Nicolina,Boylund,0,3
432-85-4940,Artemus,Pennyman,0,4
357-76-4091,Ianthe,Chatband,1,5
654-70-6588,Sybilla,Andreolli,1,6
614-68-7894,Erasmus,Cicchetto,0,7
884-77-9638,Charil,Easterfield,1,8
562-32-6409,Angelina,Villa,0,9
605-87-2462,Ole,Cornwall,0,1
703-33-7440,Alyosha,Humphrey,1,2
298-89-0037,Odelinda,Fowlie,0,3
631-02-9037,Arabela,Fortman,1,4
212-01-2751,Kimberlyn,Canas,1,5
772-32-3854,Nevins,Towers,1,6
775-38-4710,Gregorius,Revell,1,7
484-39-2586,Gasper,Kares,0,8
678-77-9898,Patrice,Baline,0,9
477-42-3361,Aurthur,D'Aeth,0,1
618-26-0671,Erda,Aluard,0,2
283-70-1704,Tabb,Cookley,1,3
365-80-5803,Nickolaus,Gimbart,0,4
358-53-5303,Cristobal,Vasilic,1,5
349-46-1567,Dukey,Godlip,1,6
556-56-1059,Amelina,Braisby,0,7
627-76-2063,Penni,Leopard,0,8
571-19-9985,Brynne,Krabbe,0,9
328-19-8133,Ardath,Sawell,1,1
185-49-4764,Rachael,Weich,1,2
732-43-4335,Pet,Wegner,0,3
610-92-0847,Rodolph,Wrathall,1,4
760-89-9226,Ambros,Livick,1,5
330-35-6460,Tracey,Obey,1,6
381-37-5124,Bessie,Winspare,1,7
120-61-6693,Mellie,Rosetti,0,8
629-27-5854,Rip,Cremen,0,9
854-17-1284,Randa,Comrie,1,1
290-96-7043,Etty,Gratton,0,2
361-93-0568,Myrvyn,Rous,0,3
461-42-3512,Gus,Andrelli,1,4
852-70-4433,Storm,Bockmaster,1,5
829-89-5370,Mair,Miko,0,6
570-80-1076,Janifer,Esilmon,0,7
378-12-1353,Vyky,Hannay,0,8
843-55-4371,Lyon,Pol,0,9
602-01-2380,Bowie,Pfaffel,0,1
262-82-2743,Claudina,Phizackarley,1,2
533-02-3177,Aurelie,Harkin,0,3
760-46-5430,Madelena,Cargo,1,4
339-35-1900,Erich,Hallett,0,5
466-14-3216,Josefina,Soames,1,6
148-89-3310,Ryan,Bake,1,7
648-25-4072,Everett,Dudman,0,8
120-38-2269,Nomi,Palatini,0,9
